hardware,item_count,run_count,fps_change_percent,avg_frame_reduction_percent,max_frame_reduction_percent,app_renders_change_percent,card_renders_reduction_percent,pointer_updates_change_percent
AMD Ryzen 5 3500U,180,3,-3.1,-3.2,-6.3,34.3,96.5,56.4
AMD Ryzen 5 3500U,420,3,44.8,32.8,61.9,186.1,96.7,512.8
AMD Ryzen 5 3500U,800,3,421.7,79.9,91.1,368.3,97.2,2769.6
Apple M5,180,3,0.0,0.0,-2.9,0.0,96.8,0.0
Apple M5,420,3,0.0,0.0,0.0,48.9,97.9,52.3
Apple M5,800,3,3.4,2.9,47.1,150.0,98.2,187.5
Core i3-12100F,180,3,0.0,0.0,0.0,20.3,96.3,23.2
Core i3-12100F,420,3,6.6,5.6,33.2,76.1,97.7,90.8
Core i3-12100F,800,3,71.4,41.4,86.3,203.5,97.9,312.2
